{"cameraMode":{"drawMode":0,"name":"Shaded","section":"Shading Mode"},"sceneLighting":true,"audioPlay":false,"sceneViewState":{"showFog":true,"showMaterialUpdate":false,"showSkybox":true,"showFlares":true,"showImageEffects":true,"showParticleSystems":true,"showVisualEffectGraphs":true,"m_FxEnabled":true},"in2DMode":false,"pivot":{"x":31.876474380493165,"y":97.94428253173828,"z":214.22093200683595},"rotation":{"x":-0.2451961189508438,"y":-0.025593498721718789,"z":0.006475124973803759,"w":-0.9691144824028015},"size":5.444493293762207,"orthographic":false}