{"cameraMode":{"drawMode":0,"name":"Shaded","section":"Shading Mode"},"sceneLighting":true,"audioPlay":false,"sceneViewState":{"showFog":true,"showMaterialUpdate":false,"showSkybox":true,"showFlares":true,"showImageEffects":true,"showParticleSystems":true,"showVisualEffectGraphs":true,"m_FxEnabled":true},"in2DMode":false,"pivot":{"x":25.091522216796876,"y":49.47132873535156,"z":172.72352600097657},"rotation":{"x":0.00424799183383584,"y":0.9924758672714233,"z":-0.11696406453847885,"w":0.03604348748922348},"size":7.420805931091309,"orthographic":false}